{"train_loss_epoch": 0.03958766162395477, "_timestamp": 1758432117.4298463, "_runtime": 134.1139533519745, "_step": 141, "eval_loss_epoch": 0.4978035092353821, "accuracy": 0.800000011920929, "_wandb": {"runtime": 133}}