name,class,confidence,box,image_id
thoracic_cavity,1,0.95148,"{'x1': 208.36414, 'y1': 115.4422, 'x2': 796.86652, 'y2': 642.16028}",5c55f871429730b84a8ee275839b8aae
heart,0,0.85887,"{'x1': 404.82306, 'y1': 400.75317, 'x2': 719.5318, 'y2': 582.54358}",5c55f871429730b84a8ee275839b8aae
