{"validation_accuracy": 0.699999988079071, "confusion_matrix": {"_type": "image-file", "sha256": "066c5cded3ec4cd75e448685fc274b870967b909ac2b6defbc2dae9b3c69a37e", "size": 18448, "path": "media/images/confusion_matrix_0_066c5cded3ec4cd75e44.png", "format": "png", "width": 600, "height": 500}, "_timestamp": 1759410442.555413, "_runtime": 3.0573339462280273, "_step": 0, "_wandb": {"runtime": 2}}