{"train/loss_classifier": 0.17216122150421143, "train/loss_box_reg": 0.08178447186946869, "train/loss_objectness": 0.11870647221803665, "train/loss_rpn_box_reg": 0.014612322673201561, "validate/loss_classifier": 0.14806708693504333, "validate/loss_box_reg": 0.06979528814554214, "validate/loss_objectness": 0.18737731873989105, "validate/loss_rpn_box_reg": 0.011106707155704498, "metrics/mAP50-95": 0.002546361181885004, "metrics/mAP_50": 0.008294518105685711, "train/avg_loss": 10.69301986694336, "validate/avg_loss": 3.0386576652526855, "_timestamp": 1751161419.681896, "_runtime": 136.54474902153015, "_step": 4, "_wandb": {"runtime": 135}}