{"train_loss_epoch": 0.00023246735509019345, "_timestamp": 1759406151.1757898, "_runtime": 567.4913969039917, "_step": 963, "accuracy": 0.7400000095367432, "eval_loss_epoch": 1.363081932067871, "_wandb": {"runtime": 567}}