{"train/loss_classifier": 0.031133849173784256, "train/loss_box_reg": 0.05318652093410492, "train/loss_objectness": 0.09440779685974121, "train/loss_rpn_box_reg": 0.026139244437217712, "validate/loss_classifier": 0.03176376223564148, "validate/loss_box_reg": 0.050609152764081955, "validate/loss_objectness": 0.08183364570140839, "validate/loss_rpn_box_reg": 0.018164291977882385, "metrics/mAP50-95": 0.3443732261657715, "metrics/mAP_50": 0.7103359699249268, "train/avg_loss": 4.652231216430664, "train/lr": 4.032227150436037e-08, "validate/avg_loss": 1.3935343027114868, "_timestamp": 1751409658.4864378, "_runtime": 26926.195854902267, "_step": 499, "_wandb": {"runtime": 26925}}