{"train_loss_epoch": 0.7105795741081238, "_timestamp": 1758813641.1567957, "_runtime": 25.191292762756348, "_step": 15, "eval_loss_epoch": 1.3594914674758911, "accuracy": 0.5, "_wandb": {"runtime": 24}}