{"train_loss_epoch": 0.692446231842041, "_timestamp": 1760602530.9812655, "_runtime": 223.2955346107483, "_step": 127, "eval_loss_epoch": 0.7108863592147827, "accuracy": 0.5199999809265137, "_wandb": {"runtime": 223}}