{"train/loss_classifier": 0.48007282614707947, "train/loss_box_reg": 0.1383604109287262, "train/loss_objectness": 0.10022096335887909, "train/loss_rpn_box_reg": 0.019450735300779343, "validate/loss_classifier": 0.4657800793647766, "validate/loss_box_reg": 0.12668363749980927, "validate/loss_objectness": 0.08631303906440735, "validate/loss_rpn_box_reg": 0.009273380041122437, "metrics/mAP50-95": 0.00011394225293770432, "metrics/mAP_50": 0.0007257421966642141, "train/avg_loss": 24.127687454223633, "validate/avg_loss": 5.102323055267334, "_timestamp": 1751108189.3996353, "_runtime": 45.35835242271423, "_step": 0}