image_id,rad_id,class_name,x_min,y_min,x_max,y_max,x_dim,y_dim
0be45114544283beb4f6d371f946e889,R10,Cardiomegaly,359.7735026041671,455.4488715277867,690.903125,559.4453124999823,2304,2880
0be45114544283beb4f6d371f946e889,R10,Aortic enlargement,490.4586805555556,213.71840277777775,613.0400173611022,314.60195312499906,2304,2880
0be45114544283beb4f6d371f946e889,R8,Aortic enlargement,506.86046006944,217.76710069444263,614.5297743055645,336.9500434027769,2304,2880
0be45114544283beb4f6d371f946e889,R8,Cardiomegaly,354.284809027776,433.35112847221336,680.96888020832,518.1119791666489,2304,2880
0be45114544283beb4f6d371f946e889,R8,Rib fracture,714.8995659722311,361.51467013888,748.8124565972267,400.0071180555378,2304,2880
0be45114544283beb4f6d371f946e889,R9,Pulmonary fibrosis,650.0284288194489,401.6817708333512,769.9217881944534,467.1502170139023,2304,2880
0be45114544283beb4f6d371f946e889,R9,Aortic enlargement,500.9511284722133,217.90151909722312,615.3226562499912,324.384700520832,2304,2880
0be45114544283beb4f6d371f946e889,R9,Pleural thickening,758.088888888889,461.6284288194489,784.1190972222222,504.2240017361067,2304,2880
0be45114544283beb4f6d371f946e889,R9,Pleural effusion,758.088888888889,461.6284288194489,784.1190972222222,504.2240017361067,2304,2880