{"train/loss_classifier": 0.27236491441726685, "train/loss_box_reg": 0.13174863159656525, "train/loss_objectness": 0.10575981438159943, "train/loss_rpn_box_reg": 0.015655625611543655, "validate/loss_classifier": 0.25937598943710327, "validate/loss_box_reg": 0.12282312661409378, "validate/loss_objectness": 0.15961378812789917, "validate/loss_rpn_box_reg": 0.032137490808963776, "metrics/mAP50-95": 0.001578850788064301, "metrics/mAP_50": 0.009548913687467575, "train/avg_loss": 14.382067680358887, "validate/avg_loss": 3.625786781311035, "_timestamp": 1751123423.4749827, "_runtime": 54.94689679145813, "_step": 1}