{"train/loss_classifier": 0.024405235424637794, "train/loss_box_reg": 0.06416976451873779, "train/loss_objectness": 0.11466477066278458, "train/loss_rpn_box_reg": 0.015275996178388596, "validate/loss_classifier": 0.03032137267291546, "validate/loss_box_reg": 0.09166155010461807, "validate/loss_objectness": 0.05802709609270096, "validate/loss_rpn_box_reg": 0.005799010396003723, "metrics/mAP50-95": 0.3814266324043274, "metrics/mAP_50": 0.7729063630104065, "train/avg_loss": 5.386292457580566, "train/lr": 0.009631499349760663, "validate/avg_loss": 1.6597065925598145, "_timestamp": 1751220979.205684, "_runtime": 7454.276442050934, "_step": 192, "_wandb": {"runtime": 7453}}