{"train/loss_classifier": 0.024904657155275345, "train/loss_box_reg": 0.03592050075531006, "train/loss_objectness": 0.15722516179084778, "train/loss_rpn_box_reg": 0.028171885758638382, "validate/loss_classifier": 0.02556109055876732, "validate/loss_box_reg": 0.03137404844164848, "validate/loss_objectness": 0.11358726024627686, "validate/loss_rpn_box_reg": 0.0197160467505455, "metrics/mAP50-95": 0.27982664108276367, "metrics/mAP_50": 0.5184379816055298, "_timestamp": 1750793377.5972245, "_runtime": 17424.276126384735, "_step": 499, "_wandb": {"runtime": 17423}}