{"train/loss_classifier": 0.18438313901424408, "train/loss_box_reg": 0.08614838123321533, "train/loss_objectness": 0.08364306390285492, "train/loss_rpn_box_reg": 0.014609167352318764, "validate/loss_classifier": 0.19490177929401398, "validate/loss_box_reg": 0.10235264152288437, "validate/loss_objectness": 0.08793734014034271, "validate/loss_rpn_box_reg": 0.00794089213013649, "metrics/mAP50-95": 0.0019397977739572525, "metrics/mAP_50": 0.00755706150084734, "_timestamp": 1750775855.940183, "_runtime": 97.35545682907104, "_step": 4, "_wandb": {"runtime": 96}}