{"validation_accuracy": 0.7400000095367432, "confusion_matrix": {"_type": "image-file", "sha256": "f99ebf0af1607739f706e0c8ea0a9732eddfc1f8a31f8f2a2eb4c18d012df6a9", "size": 17838, "path": "media/images/confusion_matrix_0_f99ebf0af1607739f706.png", "format": "png", "width": 600, "height": 500}, "_timestamp": 1759418000.107935, "_runtime": 3.5706369876861572, "_step": 0, "_wandb": {"runtime": 2}}