{"train_loss_epoch": 0.5379154682159424, "_timestamp": 1759404939.674151, "_runtime": 212.49575686454773, "_step": 407, "eval_loss_epoch": 12.634235382080078, "accuracy": 0.5}