{"train/loss_classifier": 0.30648180842399597, "train/loss_box_reg": 0.09609240293502808, "train/loss_objectness": 0.15056860446929932, "train/loss_rpn_box_reg": 0.023873157799243927, "validate/loss_classifier": 0.32808029651641846, "validate/loss_box_reg": 0.1286945939064026, "validate/loss_objectness": 0.09395456314086914, "validate/loss_rpn_box_reg": 0.012937050312757492, "metrics/mAP50-95": 1.971831989067141e-05, "metrics/mAP_50": 6.610632408410311e-05, "_timestamp": 1750773785.6243753, "_runtime": 39.4633412361145, "_step": 1}