{"train/loss_classifier": 0.040634505450725555, "train/loss_box_reg": 0.04760584980249405, "train/loss_objectness": 0.1780911386013031, "train/loss_rpn_box_reg": 0.02332230657339096, "validate/loss_classifier": 0.036242466419935226, "validate/loss_box_reg": 0.04722757637500763, "validate/loss_objectness": 0.13928338885307312, "validate/loss_rpn_box_reg": 0.006504715420305729, "metrics/mAP50-95": 0.24341857433319092, "metrics/mAP_50": 0.49154478311538696, "train/avg_loss": 6.541961669921875, "validate/avg_loss": 1.9676645994186401, "_timestamp": 1751132400.6874862, "_runtime": 8934.519416093826, "_step": 196, "_wandb": {"runtime": 8933}}