{"train/loss_classifier": 0.08290589600801468, "train/loss_box_reg": 0.06608094274997711, "train/loss_objectness": 0.1141052320599556, "train/loss_rpn_box_reg": 0.01670180633664131, "validate/loss_classifier": 0.07429362088441849, "validate/loss_box_reg": 0.06721024960279465, "validate/loss_objectness": 0.16540884971618652, "validate/loss_rpn_box_reg": 0.03125535324215889, "metrics/mAP50-95": 0.19948354363441467, "metrics/mAP_50": 0.4835589826107025, "train/avg_loss": 7.689301490783691, "train/lr": 2.0168449509684565e-05, "validate/avg_loss": 2.072998046875, "_timestamp": 1751213451.9504244, "_runtime": 53.922579526901245, "_step": 1, "_wandb": {"runtime": 53}}