{"validation_accuracy": 0.8199999928474426, "confusion_matrix": {"_type": "image-file", "sha256": "8bd90caa92ccafd1a7b07e049a244a7a43760855e1c81f7b32b5b0696c3b4e09", "size": 18598, "path": "media/images/confusion_matrix_0_8bd90caa92ccafd1a7b0.png", "format": "png", "width": 600, "height": 500}, "_timestamp": 1758855423.8904295, "_runtime": 3.371128559112549, "_step": 0, "_wandb": {"runtime": 2}}