{"train/loss_classifier": 0.1576349288225174, "train/loss_box_reg": 0.08147220313549042, "train/loss_objectness": 0.07660236954689026, "train/loss_rpn_box_reg": 0.01679186522960663, "validate/loss_classifier": 0.18228165805339813, "validate/loss_box_reg": 0.0975622683763504, "validate/loss_objectness": 0.08509930223226547, "validate/loss_rpn_box_reg": 0.036499373614788055, "metrics/mAP50-95": 0.007911699824035168, "metrics/mAP_50": 0.020784474909305573, "train/avg_loss": 8.718754768371582, "validate/avg_loss": 2.5640673637390137, "_timestamp": 1751162505.103481, "_runtime": 222.04401803016663, "_step": 7}