{"validation_accuracy": 0.7799999713897705, "confusion_matrix": {"_type": "image-file", "sha256": "f5f6e9a17b1999bdae371290f036a682b114c7f44f800be6527c19a96d0869d3", "size": 18424, "path": "media/images/confusion_matrix_0_f5f6e9a17b1999bdae37.png", "format": "png", "width": 600, "height": 500}, "_timestamp": 1759455678.462877, "_runtime": 3.5491349697113037, "_step": 0, "_wandb": {"runtime": 2}}