{"train/loss_classifier": 0.09169501066207886, "train/loss_box_reg": 0.06402691453695297, "train/loss_objectness": 0.10492092370986938, "train/loss_rpn_box_reg": 0.012921666726469994, "validate/loss_classifier": 0.09449789673089981, "validate/loss_box_reg": 0.08083207905292511, "validate/loss_objectness": 0.1540483832359314, "validate/loss_rpn_box_reg": 0.02209373563528061, "metrics/mAP50-95": 0.17935779690742493, "metrics/mAP_50": 0.4084765911102295, "train/avg_loss": 8.125195503234863, "train/lr": 2.0168449509684565e-05, "validate/avg_loss": 2.2366065979003906, "_timestamp": 1751376200.840023, "_runtime": 57.39087796211243, "_step": 1, "_wandb": {"runtime": 56}}