{"train_loss_epoch": 0.7164387106895447, "_timestamp": 1758813604.196288, "_runtime": 17.233599185943604, "_step": 11, "eval_loss_epoch": 0.7358471751213074, "accuracy": 0.47999998927116394}