{"train/loss_classifier": 0.09210176765918732, "train/loss_box_reg": 0.06832040846347809, "train/loss_objectness": 0.10907740890979767, "train/loss_rpn_box_reg": 0.016540255397558212, "validate/loss_classifier": 0.11847099661827087, "validate/loss_box_reg": 0.07555963844060898, "validate/loss_objectness": 0.1041761115193367, "validate/loss_rpn_box_reg": 0.034669797867536545, "metrics/mAP50-95": 0.2401692271232605, "metrics/mAP_50": 0.47516143321990967, "train/avg_loss": 7.635896682739258, "train/lr": 2.0168449509684565e-05, "validate/avg_loss": 2.0169477462768555, "_timestamp": 1751213009.9544861, "_runtime": 53.77702021598816, "_step": 1, "_wandb": {"runtime": 53}}