{"validation_accuracy": 0.5, "confusion_matrix": {"_type": "image-file", "sha256": "7b5103288bc2b0b03c673ee0b44845acabf9f042b34860d10c60d2c035d3353d", "size": 17661, "path": "media/images/confusion_matrix_0_7b5103288bc2b0b03c67.png", "format": "png", "width": 600, "height": 500}, "_timestamp": 1759409151.0048485, "_runtime": 3.6265435218811035, "_step": 0, "_wandb": {"runtime": 2}}