{"validation_accuracy": 0.47999998927116394, "confusion_matrix": {"_type": "image-file", "sha256": "e58936015492f4cafd8055de9a264f445715eb322e1935c613a2447697247856", "size": 16688, "path": "media/images/confusion_matrix_0_e58936015492f4cafd80.png", "format": "png", "width": 600, "height": 500}, "_timestamp": 1759409169.6464148, "_runtime": 3.1600208282470703, "_step": 0, "_wandb": {"runtime": 2}}