{"train/loss_classifier": 0.03011041134595871, "train/loss_box_reg": 0.04746191203594208, "train/loss_objectness": 0.12431702017784119, "train/loss_rpn_box_reg": 0.018849296495318413, "validate/loss_classifier": 0.03143206983804703, "validate/loss_box_reg": 0.056148529052734375, "validate/loss_objectness": 0.14717364311218262, "validate/loss_rpn_box_reg": 0.040144406259059906, "metrics/mAP50-95": 0.32065385580062866, "metrics/mAP_50": 0.6542338132858276, "train/avg_loss": 5.007053852081299, "validate/avg_loss": 1.5885511636734009, "_timestamp": 1751189958.2452385, "_runtime": 27386.70480942726, "_step": 441, "_wandb": {"runtime": 27386}}