{"validation_accuracy": 0.800000011920929, "confusion_matrix": {"_type": "image-file", "sha256": "dc4b9de6f03b383f1c7697585038ec5b75e71acd7908d8681c75b626eca65b65", "size": 20485, "path": "media/images/confusion_matrix_0_dc4b9de6f03b383f1c76.png", "format": "png", "width": 600, "height": 500}, "_timestamp": 1759420718.9798105, "_runtime": 3.6070404052734375, "_step": 0, "_wandb": {"runtime": 2}}