{"train/loss_classifier": 0.06063266843557358, "train/loss_box_reg": 0.05433643236756325, "train/loss_objectness": 0.08453403413295746, "train/loss_rpn_box_reg": 0.017785757780075073, "validate/loss_classifier": 0.06848106533288956, "validate/loss_box_reg": 0.06761310994625092, "validate/loss_objectness": 0.05487525835633278, "validate/loss_rpn_box_reg": 0.014774256385862827, "metrics/mAP50-95": 0.23254485428333282, "metrics/mAP_50": 0.44434845447540283, "train/avg_loss": 5.498477935791016, "train/lr": 0.0008570699444055089, "validate/avg_loss": 1.6671407222747803, "_timestamp": 1751212797.1726935, "_runtime": 580.1831746101379, "_step": 20}