{"train/loss_classifier": 0.03605102747678757, "train/loss_box_reg": 0.07795420289039612, "train/loss_objectness": 0.07183729857206345, "train/loss_rpn_box_reg": 0.018929265439510345, "validate/loss_classifier": 0.029368620365858078, "validate/loss_box_reg": 0.09447039663791656, "validate/loss_objectness": 0.06198262423276901, "validate/loss_rpn_box_reg": 0.01703554391860962, "metrics/mAP50-95": 0.3655150532722473, "metrics/mAP_50": 0.7597557306289673, "train/avg_loss": 5.007678508758545, "train/lr": 0.009999029293469899, "validate/avg_loss": 1.4981942176818848, "_timestamp": 1751381767.1327572, "_runtime": 5483.766705274582, "_step": 148, "_wandb": {"runtime": 5483}}