{"train_loss_epoch": 2.689829111099243, "_timestamp": 1760599669.4364364, "_runtime": 5.552835464477539, "_step": 1, "accuracy": 0.5, "eval_loss_epoch": 0.8767287731170654, "_wandb": {"runtime": 4}}