{"train/loss_classifier": 0.17997008562088013, "train/loss_box_reg": 0.08390668779611588, "train/loss_objectness": 0.07017697393894196, "train/loss_rpn_box_reg": 0.017928386107087135, "validate/loss_classifier": 0.1945481151342392, "validate/loss_box_reg": 0.10496677458286285, "validate/loss_objectness": 0.09617619216442108, "validate/loss_rpn_box_reg": 0.014280442148447037, "metrics/mAP50-95": 0.0020707722287625074, "metrics/mAP_50": 0.008578951470553875, "train/avg_loss": 9.929217338562012, "validate/avg_loss": 2.7832348346710205, "_timestamp": 1750949992.3808231, "_runtime": 97.11640310287476, "_step": 4, "_wandb": {"runtime": 96}}