{"train/loss_classifier": 0.30109333992004395, "train/loss_box_reg": 0.10915713012218475, "train/loss_objectness": 0.09365791082382202, "train/loss_rpn_box_reg": 0.012819602154195309, "validate/loss_classifier": 0.2989833950996399, "validate/loss_box_reg": 0.10269532352685928, "validate/loss_objectness": 0.17666491866111755, "validate/loss_rpn_box_reg": 0.03569374978542328, "metrics/mAP50-95": 0.0043906522914767265, "metrics/mAP_50": 0.016659386456012726, "train/avg_loss": 16.017263412475586, "validate/avg_loss": 3.904808521270752, "_timestamp": 1751122446.2328374, "_runtime": 55.26033139228821, "_step": 1, "_wandb": {"runtime": 69}}