{"validation_accuracy": 0.7200000286102295, "confusion_matrix": {"_type": "image-file", "sha256": "f67dcaeac639169909c10c4dd15c9118effa422e21ada467937a6b5efffda6e4", "size": 17813, "path": "media/images/confusion_matrix_0_f67dcaeac639169909c1.png", "format": "png", "width": 600, "height": 500}, "_timestamp": 1758855542.7264051, "_runtime": 3.4391021728515625, "_step": 0, "_wandb": {"runtime": 2}}