{"train/loss_classifier": 0.5738341808319092, "train/loss_box_reg": 0.14870552718639374, "train/loss_objectness": 0.09391725063323975, "train/loss_rpn_box_reg": 0.019110724329948425, "validate/loss_classifier": 0.5531323552131653, "validate/loss_box_reg": 0.13479682803153992, "validate/loss_objectness": 0.1008223295211792, "validate/loss_rpn_box_reg": 0.012757433578372002, "metrics/mAP50-95": 7.503767847083509e-05, "metrics/mAP_50": 0.0004377936420496553, "_timestamp": 1750773863.6315858, "_runtime": 20.806302785873413, "_step": 0}