{"train/loss_classifier": 0.6048793792724609, "train/loss_box_reg": 0.05124356597661972, "train/loss_objectness": 0.09394185245037079, "train/loss_rpn_box_reg": 0.011655973270535469, "validate/loss_classifier": 0.5680551528930664, "validate/loss_box_reg": 0.021773386746644974, "validate/loss_objectness": 0.0903639942407608, "validate/loss_rpn_box_reg": 0.004712088964879513, "metrics/mAP50-95": 3.88459739042446e-05, "metrics/mAP_50": 0.00020186301844660193, "train/avg_loss": 26.219934463500977, "validate/avg_loss": 5.044214725494385, "_timestamp": 1751109376.9614272, "_runtime": 45.60137915611267, "_step": 0, "_wandb": {"runtime": 48}}