{"train/loss_classifier": 0.6607083082199097, "train/loss_box_reg": 0.13695025444030762, "train/loss_objectness": 0.08179067820310593, "train/loss_rpn_box_reg": 0.01781781017780304, "validate/loss_classifier": 0.6450969576835632, "validate/loss_box_reg": 0.15989503264427185, "validate/loss_objectness": 0.06416931748390198, "validate/loss_rpn_box_reg": 0.010827375575900078, "metrics/mAP50-95": 0.00010586188727756962, "metrics/mAP_50": 0.000695871829520911, "train/avg_loss": 30.223608016967773, "validate/avg_loss": 6.288572311401367, "_timestamp": 1751108690.7707455, "_runtime": 44.8402636051178, "_step": 0, "_wandb": {"runtime": 67}}