{"validation_accuracy": 0.5, "confusion_matrix": {"_type": "image-file", "sha256": "d6b69d99427b43acb3f7863a93fabf21b98c88a002c997b008c827c2e6dfda59", "size": 17651, "path": "media/images/confusion_matrix_0_d6b69d99427b43acb3f7.png", "format": "png", "width": 600, "height": 500}, "_timestamp": 1759409205.6901944, "_runtime": 3.0311713218688965, "_step": 0, "_wandb": {"runtime": 2}}