{"train_loss_epoch": 0.6647467613220215, "_timestamp": 1758267920.4400756, "_runtime": 22.9426326751709, "_step": 19, "eval_loss_epoch": 0.7830615043640137, "accuracy": 0.6600000262260437, "_wandb": {"runtime": 22}}