{"train/loss_classifier": 0.02477291040122509, "train/loss_box_reg": 0.06003609672188759, "train/loss_objectness": 0.07044847309589386, "train/loss_rpn_box_reg": 0.015615638345479965, "validate/loss_classifier": 0.03995990380644798, "validate/loss_box_reg": 0.06182858347892761, "validate/loss_objectness": 0.08101726323366165, "validate/loss_rpn_box_reg": 0.016728132963180542, "metrics/mAP50-95": 0.3531239628791809, "metrics/mAP_50": 0.7456977963447571, "train/avg_loss": 4.689913272857666, "train/lr": 0.00832202366589356, "validate/avg_loss": 1.5347144603729248, "_timestamp": 1751527953.4982884, "_runtime": 9742.43305850029, "_step": 243, "_wandb": {"runtime": 9741}}