{"train_loss_epoch": 0.6615217328071594, "_timestamp": 1758429850.0348532, "_runtime": 200.41852831840515, "_step": 199, "eval_loss_epoch": 0.5804561972618103, "accuracy": 0.7300000190734863, "_wandb": {"runtime": 199}}