{"train/loss_classifier": 0.16508585214614868, "train/loss_box_reg": 0.08208958804607391, "train/loss_objectness": 0.12232676148414612, "train/loss_rpn_box_reg": 0.01839926280081272, "validate/loss_classifier": 0.1762087643146515, "validate/loss_box_reg": 0.09192502498626709, "validate/loss_objectness": 0.08713564276695251, "validate/loss_rpn_box_reg": 0.023053165525197983, "metrics/mAP50-95": 0.002192889340221882, "metrics/mAP_50": 0.010386857204139233, "_timestamp": 1750773255.2509856, "_runtime": 103.20028758049011, "_step": 4, "_wandb": {"runtime": 102}}