{"train_loss_epoch": 0.2065928429365158, "_timestamp": 1758853106.6678638, "_runtime": 194.4540729522705, "_step": 309, "eval_loss_epoch": 1.3119488954544067, "accuracy": 0.7400000095367432, "_wandb": {"runtime": 193}}