{"train/loss_classifier": 0.5731591582298279, "train/loss_box_reg": 0.12097431719303131, "train/loss_objectness": 0.11640042066574097, "train/loss_rpn_box_reg": 0.020314542576670647, "validate/loss_classifier": 0.5525416731834412, "validate/loss_box_reg": 0.11773582547903061, "validate/loss_objectness": 0.11010468006134033, "validate/loss_rpn_box_reg": 0.010045439004898071, "metrics/mAP50-95": 0.00016132320160977542, "metrics/mAP_50": 0.000825753144454211, "train/avg_loss": 27.858266830444336, "validate/avg_loss": 5.68841028213501, "_timestamp": 1750949641.091571, "_runtime": 21.11432719230652, "_step": 0, "_wandb": {"runtime": 19}}