{"train/loss_classifier": 0.2847386300563812, "train/loss_box_reg": 0.13245165348052979, "train/loss_objectness": 0.10727311670780182, "train/loss_rpn_box_reg": 0.018934689462184906, "validate/loss_classifier": 0.29861852526664734, "validate/loss_box_reg": 0.14773955941200256, "validate/loss_objectness": 0.26869305968284607, "validate/loss_rpn_box_reg": 0.04361490160226822, "metrics/mAP50-95": 0.0006440180586650968, "metrics/mAP_50": 0.002857681829482317, "train/avg_loss": 14.927719116210938, "validate/avg_loss": 3.929771900177002, "_timestamp": 1750950513.2297077, "_runtime": 39.471614599227905, "_step": 1}