{"train/loss_classifier": 0.06418479233980179, "train/loss_box_reg": 0.06708821654319763, "train/loss_objectness": 0.08334194123744965, "train/loss_rpn_box_reg": 0.013134390115737915, "validate/loss_classifier": 0.0794660747051239, "validate/loss_box_reg": 0.08744728565216064, "validate/loss_objectness": 0.07150647789239883, "validate/loss_rpn_box_reg": 0.020324505865573883, "metrics/mAP50-95": 0.2276819348335266, "metrics/mAP_50": 0.43258315324783325, "_timestamp": 1750775437.4391422, "_runtime": 1537.4384841918945, "_step": 67}